"ListingID","INDEX","URL","PATH"
"1","1","http://www.dis.com:6103/objects/Property/Photo/1/1","/var/www/appointmentcenter/viele/vieleRETS-1.1/image/1_1.jpg"
"1","2","http://www.dis.com:6103/objects/Property/Photo/1/2","/var/www/appointmentcenter/viele/vieleRETS-1.1/image/1_2.jpg"
"1","3","http://www.dis.com:6103/objects/Property/Photo/1/3","/var/www/appointmentcenter/viele/vieleRETS-1.1/image/1_3.jpg"
"1","4","http://www.dis.com:6103/objects/Property/Photo/1/4","/var/www/appointmentcenter/viele/vieleRETS-1.1/image/1_4.jpg"
"2","1","http://www.dis.com:6103/objects/Property/Photo/2/1","/var/www/appointmentcenter/viele/vieleRETS-1.1/image/2_1.jpg"
"2","2","http://www.dis.com:6103/objects/Property/Photo/2/2","/var/www/appointmentcenter/viele/vieleRETS-1.1/image/2_2.jpg"
"5","1","http://www.dis.com:6103/objects/Property/Photo/5/1","/var/www/appointmentcenter/viele/vieleRETS-1.1/image/5_1.jpg"
"3","1","http://www.dis.com:6103/objects/Property/Photo/3/1","/var/www/appointmentcenter/viele/vieleRETS-1.1/image/3_1.jpg"
"4","1","http://www.dis.com:6103/objects/Property/Photo/4/1","/var/www/appointmentcenter/viele/vieleRETS-1.1/image/4_1.jpg"
